Run Date,Symbol,Company,Sector,Industry,Total Score,Tech Score,Fund Score,Grade,Flags,Close (₹),Day Change %,EMA 20,EMA 50,EMA 200,EMA Stack ✓,Supertrend,% from 52W High,RSI (14),MACD,MACD Signal,MACD Histogram,MACD Cross ✓,ADX,Volume,20D Avg Volume,Volume Ratio,Market Cap (Cr),P/E Ratio,Forward P/E,ROE %,Debt/Equity,Revenue Growth %,Earnings Growth %,Price/Book,Dividend Yield %,Current Ratio,Screener Link,TradingView Link
2026-06-29,OFSS,Oracle Financial Services Software Limited,Technology,Software - Infrastructure,80.1,40.6,39.5,A,🔥 VCP Breakout | ✅ Supertrend Buy | 📈 EMA Bull Stack | 📊 High Volume | 🏆 At 52W High | 🎯 VCP Pattern | 📉 Tight Base | 💎 High ROE | 👤 High Promoter,10974.5,4.83,9814.24,9282.03,8316.45,✓,Buy,99.45,74.55,228.142,143.9492,84.1927,,24.55,1072182,330047,3.25,94687.0,36.032143,28.363329,32.61,0.415,20.3,30.6,12.0915785,606.0,5.435,https://www.screener.in/company/OFSS/,https://www.tradingview.com/chart/?symbol=NSE:OFSS
2026-06-29,RBLBANK,RBL Bank Limited,Financial Services,Banks - Regional,66.2,37.0,29.2,B,✅ Supertrend Buy | 📈 EMA Bull Stack | 🏆 Near 52W High | 📉 Tight Base,371.05,-1.59,362.88,346.76,311.02,✓,Buy,97.21,59.87,9.962,9.7667,0.1953,,24.26,5145366,5696423,0.9,56337.0,25.801416,19.089247,,,40.8,367.9,1.3445638,33.0,,https://www.screener.in/company/RBLBANK/,https://www.tradingview.com/chart/?symbol=NSE:RBLBANK
2026-06-29,OBEROIRLTY,Oberoi Realty Limited,Real Estate,Real Estate - Development,64.2,37.0,27.2,B,✅ Supertrend Buy | 📈 EMA Bull Stack | 📉 Tight Base,1749.2,-0.22,1680.63,1653.37,1630.06,✓,Buy,87.67,63.82,21.1963,10.2145,10.9818,,18.52,806191,514372,1.57,63779.0,25.451248,16.565407,14.91,15.765,52.1,62.4,3.558799,46.0,3.991,https://www.screener.in/company/OBEROIRLTY/,https://www.tradingview.com/chart/?symbol=NSE:OBEROIRLTY
2026-06-29,SYRMA,Syrma SGS Technology Limited,Technology,Electronic Components,64.0,42.9,21.1,B,🔥 Breakout Confirmed | ✅ Supertrend Buy | 📈 EMA Bull Stack | 📊 High Volume | 🏆 Near 52W High,1440.5,1.11,1276.42,1140.3,902.04,✓,Buy,94.91,83.15,88.8069,78.0373,10.7696,,59.15,3269803,1514952,2.16,26357.0,81.20475,47.77654,14.14,13.045,58.4,43.7,9.144984,10.0,1.7,https://www.screener.in/company/SYRMA/,https://www.tradingview.com/chart/?symbol=NSE:SYRMA
2026-06-29,LUPIN,Lupin Limited,Healthcare,Drug Manufacturers - Specialty & Generic,63.800000000000004,32.2,31.6,B,📈 EMA Bull Stack | 🏆 Near 52W High | 📉 Tight Base | 💎 High ROE,2343.5,-1.02,2307.6,2294.62,2196.66,✓,Sell,93.97,58.47,17.7004,6.9364,10.7641,,15.29,317469,876196,0.36,110161.0,20.686014,23.557018,26.91,29.388,31.9,89.0,4.9040585,51.0,1.899,https://www.screener.in/company/LUPIN/,https://www.tradingview.com/chart/?symbol=NSE:LUPIN
2026-06-29,AUBANK,AU Small Finance Bank Limited,Financial Services,Banks - Regional,63.8,39.4,24.4,B,✅ Supertrend Buy | 📈 EMA Bull Stack | 🏆 Near 52W High | 📉 Tight Base,1033.85,-3.12,1014.15,997.87,933.14,✓,Buy,95.77,55.86,14.917,9.0872,5.8298,,22.27,2267362,1940178,1.17,77115.0,29.39943,16.98676,,,37.1,62.6,3.855955,10.0,,https://www.screener.in/company/AUBANK/,https://www.tradingview.com/chart/?symbol=NSE:AUBANK
2026-06-29,NETWEB,Netweb Technologies India Limited,Technology,Computer Hardware,63.8,37.0,26.8,B,✅ Supertrend Buy | 📈 EMA Bull Stack | 🏆 Near 52W High | 💎 High ROE,4943.8,-2.57,4708.48,4323.38,3531.28,✓,Buy,94.28,59.4,240.3964,224.1508,16.2456,,29.5,1196755,2953130,0.41,25366.0,123.43585,61.192303,32.83,39.019,86.6,64.3,34.97856,5.0,1.443,https://www.screener.in/company/NETWEB/,https://www.tradingview.com/chart/?symbol=NSE:NETWEB
2026-06-29,INDIGRID,Indigrid Infrastructure Trust,Unknown,Unknown,63.400000000000006,42.6,20.8,B,✅ Supertrend Buy | 📈 EMA Bull Stack | 📊 High Volume | 🏆 At 52W High | 📉 Tight Base,176.15,-0.16,172.69,170.24,161.25,✓,Buy,98.99,71.36,1.4026,1.0643,0.3383,,23.26,2298542,771702,2.98,13342.0,30.714912,16.813925,,,,,2.197054,0.0,,https://www.screener.in/company/INDIGRID/,https://www.tradingview.com/chart/?symbol=NSE:INDIGRID
2026-06-29,MARICO,Marico Limited,Consumer Defensive,Household & Personal Products,62.8,35.4,27.4,B,⚡ Fresh MACD Cross | ✅ Supertrend Buy | 📈 EMA Bull Stack | 🏆 Near 52W High | 📉 Tight Base | 💎 High ROE,825.8,0.77,816.63,807.38,769.49,✓,Buy,97.29,56.57,1.9586,1.5376,0.421,✓,19.34,1885494,2055611,0.92,108848.0,61.62509,44.46655,41.39,12.394,22.1,14.5,25.661434,48.0,1.31,https://www.screener.in/company/MARICO/,https://www.tradingview.com/chart/?symbol=NSE:MARICO
2026-06-29,SBIN,State Bank of India,Financial Services,Banks - Regional,62.2,34.6,27.6,B,✅ Supertrend Buy | 📈 EMA Bull Stack | 📉 Tight Base,1045.4,1.04,1014.36,1012.75,980.35,✓,Buy,86.19,63.87,13.0141,7.7696,5.2445,,16.43,16002360,14547947,1.1,956384.0,11.36573,10.140351,15.48,,7.1,-3.1,1.6043196,166.0,,https://www.screener.in/company/SBIN/,https://www.tradingview.com/chart/?symbol=NSE:SBIN
2026-06-29,UNIONBANK,Union Bank of India,Financial Services,Banks - Regional,62.0,32.2,29.8,B,✅ Supertrend Buy | 📈 EMA Bull Stack | 📉 Tight Base | 👤 High Promoter,174.71,-0.07,171.35,170.84,163.72,✓,Buy,85.02,58.25,2.1699,1.3744,0.7955,,14.73,12437646,14424131,0.86,133252.0,6.856245,6.8017564,15.71,,,,0.99853563,286.0,,https://www.screener.in/company/UNIONBANK/,https://www.tradingview.com/chart/?symbol=NSE:UNIONBANK
2026-06-29,FEDERALBNK,The Federal Bank Limited,Financial Services,Banks - Regional,61.599999999999994,37.8,23.8,B,✅ Supertrend Buy | 📈 EMA Bull Stack | 🏆 At 52W High | 📉 Tight Base,324.05,-0.35,313.1,300.9,268.77,✓,Buy,99.1,68.75,8.667,8.0818,0.5851,,35.83,6310533,20193842,0.31,79930.0,18.54894,13.63857,11.73,,12.3,22.2,1.9948288,37.0,,https://www.screener.in/company/FEDERALBNK/,https://www.tradingview.com/chart/?symbol=NSE:FEDERALBNK
2026-06-29,DIVISLAB,Divi's Laboratories Limited,Healthcare,Drug Manufacturers - Specialty & Generic,60.8,34.6,26.2,B,✅ Supertrend Buy | 📈 EMA Bull Stack | 🏆 Near 52W High | 📉 Tight Base | 🏦 Zero Debt,6713.5,-0.59,6698.75,6606.8,6400.8,✓,Buy,95.37,52.18,30.5279,27.5541,2.9739,,23.55,222828,347386,0.64,174081.0,67.83387,46.531208,16.19,0.042,9.5,13.6,10.378599,45.0,5.431,https://www.screener.in/company/DIVISLAB/,https://www.tradingview.com/chart/?symbol=NSE:DIVISLAB
2026-06-29,ICICIBANK,ICICI Bank Limited,Financial Services,Banks - Regional,60.7,29.2,31.5,B,📤 20D Breakout | ✅ Supertrend Buy | 🏆 Near 52W High | 📉 Tight Base,1387.5,1.01,1321.27,1302.27,1338.69,✗,Buy,93.21,71.21,26.4032,18.1579,8.2453,,28.44,17173209,16290224,1.05,995276.0,18.553282,15.256065,16.36,,66.9,8.4,2.7369592,79.0,,https://www.screener.in/company/ICICIBANK/,https://www.tradingview.com/chart/?symbol=NSE:ICICIBANK
2026-06-29,AEGISLOG,AEGISLOG,Energy,Oil & Gas Refining & Marketing,59.900000000000006,35.2,24.7,C,📤 20D Breakout | ✅ Supertrend Buy | 📈 EMA Bull Stack | 🏆 At 52W High,1140.65,7.31,937.93,824.14,749.89,✓,Buy,98.79,88.28,96.318,76.9448,19.3733,,59.79,7844762,5757482,1.36,41211.0,45.953033,33.60993,15.26,47.243,52.2,45.8,6.9331017,70.0,1.707,https://www.screener.in/company/AEGISLOG/,https://www.tradingview.com/chart/?symbol=NSE:AEGISLOG
2026-06-29,ADANIENT,Adani Enterprises Limited,Energy,Thermal Coal,59.8,35.4,24.4,C,✅ Supertrend Buy | 📈 EMA Bull Stack | 🏆 Near 52W High | 📉 Tight Base | 👤 High Promoter,3038.0,-1.03,2948.65,2738.26,2437.59,✓,Buy,97.84,62.15,88.862,100.7211,-11.8591,,44.72,1719600,2108928,0.82,406451.0,40.29516,44.654076,13.66,119.56,20.3,,4.732194,4.0,1.035,https://www.screener.in/company/ADANIENT/,https://www.tradingview.com/chart/?symbol=NSE:ADANIENT
2026-06-29,EICHERMOT,Eicher Motors Limited,Consumer Cyclical,Auto Manufacturers,59.2,34.6,24.6,C,✅ Supertrend Buy | 📈 EMA Bull Stack | 🏆 Near 52W High | 📉 Tight Base | 💎 High ROE,7598.0,0.34,7417.9,7290.89,6995.13,✓,Buy,92.32,62.52,124.168,100.0532,24.1148,,15.97,673579,524512,1.28,203842.0,37.02079,27.971256,23.77,2.048,19.1,11.5,8.115581,92.0,1.902,https://www.screener.in/company/EICHERMOT/,https://www.tradingview.com/chart/?symbol=NSE:EICHERMOT
2026-06-29,GREENPLY,Greenply Industries Limited,Basic Materials,Lumber & Wood Production,58.9,43.4,15.5,C,⚡ Fresh MACD Cross | ✅ Supertrend Buy | 📈 EMA Bull Stack | 📉 Tight Base,303.46,2.54,285.87,267.66,260.53,✓,Buy,86.36,70.47,10.771,10.5487,0.2223,✓,38.3,315556,285371,1.11,3756.0,41.821976,18.802141,10.54,57.505,19.6,86.1,4.1632633,16.0,1.286,https://www.screener.in/company/GREENPLY/,https://www.tradingview.com/chart/?symbol=NSE:GREENPLY
2026-06-29,HOMEFIRST,Home First Finance Company India Limited,Financial Services,Mortgage Finance,58.6,34.5,24.1,C,🔥 Breakout Confirmed | ✅ Supertrend Buy | 📊 High Volume | 📉 Tight Base,1191.7,2.42,1121.18,1104.53,1126.76,✗,Buy,78.82,64.58,20.0434,9.9283,10.1151,,17.98,513637,231820,2.22,12208.0,22.633722,15.216044,15.71,243.944,30.6,24.0,2.7968228,44.0,6.421,https://www.screener.in/company/HOMEFIRST/,https://www.tradingview.com/chart/?symbol=NSE:HOMEFIRST
2026-06-29,ARVIND,Arvind Limited,Consumer Cyclical,Textile Manufacturing,58.400000000000006,42.6,15.8,C,✅ Supertrend Buy | 📈 EMA Bull Stack | 🏆 Near 52W High,547.25,-1.59,505.14,466.91,390.96,✓,Buy,96.01,71.6,20.4602,17.8072,2.6529,,41.63,1491258,963503,1.55,14403.0,34.734512,20.513298,10.66,40.071,15.0,5.9,3.5574403,69.0,1.141,https://www.screener.in/company/ARVIND/,https://www.tradingview.com/chart/?symbol=NSE:ARVIND
2026-06-29,LT,Larsen & Toubro Limited,Industrials,Engineering & Construction,58.2,37.0,21.2,C,✅ Supertrend Buy | 📈 EMA Bull Stack | 🏆 Near 52W High | 📉 Tight Base,4216.4,0.83,4096.0,4011.92,3884.66,✓,Buy,95.89,65.45,69.8037,54.6205,15.1832,,21.91,3104020,2104838,1.47,572993.0,35.664013,22.70427,16.95,97.64,11.7,-34.5,5.242741,90.0,1.251,https://www.screener.in/company/LT/,https://www.tradingview.com/chart/?symbol=NSE:LT
2026-06-29,PIDILITIND,Pidilite Industries Limited,Basic Materials,Specialty Chemicals,58.2,34.6,23.6,C,✅ Supertrend Buy | 📈 EMA Bull Stack | 🏆 At 52W High | 📉 Tight Base | 💎 High ROE,1597.0,1.14,1536.5,1485.82,1464.14,✓,Buy,98.54,74.01,36.3178,32.6016,3.7162,,34.34,1399828,1049983,1.33,162803.0,66.76127,52.617764,23.52,3.776,14.1,37.0,15.033693,72.0,2.38,https://www.screener.in/company/PIDILITIND/,https://www.tradingview.com/chart/?symbol=NSE:PIDILITIND
2026-06-29,GABRIEL,Gabriel India Limited,Consumer Cyclical,Auto Parts,58.2,34.6,23.6,C,✅ Supertrend Buy | 📈 EMA Bull Stack,1229.2,-0.99,1137.42,1081.92,1006.15,✓,Buy,88.72,65.25,44.3129,26.9279,17.385,,27.9,445571,534593,0.83,22600.0,72.53697,35.455044,19.58,10.642,12.7,3.3,13.403405,39.0,1.664,https://www.screener.in/company/GABRIEL/,https://www.tradingview.com/chart/?symbol=NSE:GABRIEL
2026-06-29,CREDITACC,CreditAccess Grameen Limited,Financial Services,Credit Services,57.5,34.6,22.9,C,✅ Supertrend Buy | 📈 EMA Bull Stack | 🏆 Near 52W High | 📉 Tight Base,1462.3,0.14,1367.88,1328.86,1291.96,✓,Buy,93.26,66.46,36.0947,22.002,14.0927,,24.63,264172,296425,0.89,22935.0,29.580576,11.626413,10.51,302.872,137.7,616.2,2.9245763,0.0,2.289,https://www.screener.in/company/CREDITACC/,https://www.tradingview.com/chart/?symbol=NSE:CREDITACC
2026-06-29,DMART,Avenue Supermarts Limited,Consumer Defensive,Discount Stores,57.3,37.0,20.3,C,✅ Supertrend Buy | 📈 EMA Bull Stack | 📉 Tight Base | 👤 High Promoter,4294.6,-0.95,4226.31,4210.64,4132.44,✓,Buy,86.77,55.9,32.0064,-0.7591,32.7654,,25.11,372532,600718,0.62,284184.0,95.71617,61.35314,12.94,9.913,18.9,19.6,11.589369,0.0,1.977,https://www.screener.in/company/DMART/,https://www.tradingview.com/chart/?symbol=NSE:DMART
2026-06-29,TITAN,Titan Company Limited,Consumer Cyclical,Luxury Goods,57.2,29.8,27.4,C,✅ Supertrend Buy | 📈 EMA Bull Stack | 🏆 Near 52W High | 📉 Tight Base | 💎 High ROE,4291.3,-0.75,4261.07,4233.73,4051.52,✓,Buy,93.19,53.14,41.5236,26.5009,15.0228,,11.94,754050,895425,0.84,379407.0,74.94656,49.925568,37.13,195.001,80.5,35.1,24.18205,26.0,1.276,https://www.screener.in/company/TITAN/,https://www.tradingview.com/chart/?symbol=NSE:TITAN
2026-06-29,BANKBARODA,Bank of Baroda Limited,Financial Services,Banks - Regional,56.800000000000004,32.2,24.6,C,✅ Supertrend Buy | 📈 EMA Bull Stack | 📉 Tight Base,279.15,-0.27,273.42,268.84,264.72,✓,Buy,88.53,58.74,5.4251,4.7452,0.6798,,16.79,10406847,14661007,0.71,141075.0,7.107868,6.335137,12.74,,-7.6,7.1,0.8505225,304.0,,https://www.screener.in/company/BANKBARODA/,https://www.tradingview.com/chart/?symbol=NSE:BANKBARODA
2026-06-29,MOTHERSON,Samvardhana Motherson International Limited,Consumer Cyclical,Auto Parts,56.5,41.0,15.5,C,✅ Supertrend Buy | 📈 EMA Bull Stack | 📊 High Volume | 🏆 Near 52W High | 📉 Tight Base,151.71,4.93,143.53,136.65,121.48,✓,Buy,97.72,66.09,3.4142,3.6383,-0.2241,,39.29,74519440,24213288,3.08,158558.0,41.136612,23.017254,10.11,43.908,14.9,43.0,3.8736234,33.0,1.06,https://www.screener.in/company/MOTHERSON/,https://www.tradingview.com/chart/?symbol=NSE:MOTHERSON
2026-06-29,AXISBANK,Axis Bank Limited,Financial Services,Banks - Regional,56.1,37.0,19.1,C,✅ Supertrend Buy | 📈 EMA Bull Stack | 🏆 Near 52W High | 📉 Tight Base,1377.2,-0.53,1335.4,1310.78,1270.44,✓,Buy,97.1,66.97,24.9332,19.3995,5.5337,,22.72,7995552,7510236,1.06,422053.0,16.072021,11.34901,13.15,,-11.0,6.4,1.96115,7.0,,https://www.screener.in/company/AXISBANK/,https://www.tradingview.com/chart/?symbol=NSE:AXISBANK
2026-06-29,PHOENIXLTD,The Phoenix Mills Limited,Real Estate,Real Estate - Diversified,56.0,37.0,19.0,C,✅ Supertrend Buy | 📈 EMA Bull Stack | 🏆 Near 52W High | 📉 Tight Base,1904.6,-0.4,1826.41,1781.98,1709.51,✓,Buy,95.56,65.34,37.0296,25.459,11.5706,,22.55,654686,557343,1.17,68381.0,54.566208,37.007217,11.06,37.211,33.7,50.0,6.2217913,13.0,0.87,https://www.screener.in/company/PHOENIXLTD/,https://www.tradingview.com/chart/?symbol=NSE:PHOENIXLTD
2026-06-29,BERGEPAINT,Berger Paints India Limited,Basic Materials,Specialty Chemicals,55.9,37.0,18.9,C,✅ Supertrend Buy | 📈 EMA Bull Stack | 📉 Tight Base | 👤 High Promoter,538.65,1.53,520.73,503.12,502.91,✓,Buy,89.63,59.51,11.0682,8.8823,2.1859,,22.47,604446,818654,0.74,60434.0,53.765556,41.074577,17.23,9.165,6.1,27.7,8.741335,74.0,2.115,https://www.screener.in/company/BERGEPAINT/,https://www.tradingview.com/chart/?symbol=NSE:BERGEPAINT
2026-06-29,THYROCARE,Thyrocare Technologies Limited,Healthcare,Diagnostics & Research,55.8,30.4,25.4,C,✅ Supertrend Buy | 📈 EMA Bull Stack | 💎 High ROE,517.2,-6.94,521.87,485.23,429.86,✓,Buy,89.96,51.9,17.7998,20.1523,-2.3525,,50.23,503084,459786,1.09,8346.0,51.462223,37.564472,28.75,8.65,19.7,116.3,15.605286,316.0,3.387,https://www.screener.in/company/THYROCARE/,https://www.tradingview.com/chart/?symbol=NSE:THYROCARE
2026-06-29,KPRMILL,K.P.R. Mill Limited,Consumer Cyclical,Textile Manufacturing,55.5,37.8,17.7,C,✅ Supertrend Buy | 📈 EMA Bull Stack,1191.3,-2.23,1090.42,1016.33,986.34,✓,Buy,89.3,67.02,56.3719,45.8549,10.517,,44.22,1182568,1499566,0.79,38756.0,44.59992,31.413103,16.2,10.463,0.9,11.2,6.784102,42.0,4.372,https://www.screener.in/company/KPRMILL/,https://www.tradingview.com/chart/?symbol=NSE:KPRMILL
2026-06-29,RADICO,Radico Khaitan Limited,Consumer Defensive,Beverages - Wineries & Distilleries,55.4,40.8,14.6,C,📤 20D Breakout | ✅ Supertrend Buy | 📈 EMA Bull Stack | 🏆 At 52W High | 📉 Tight Base,3829.8,1.92,3620.49,3447.08,3106.84,✓,Buy,99.66,71.63,94.977,75.1814,19.7956,,36.85,353857,312825,1.13,51924.0,85.79111,53.701374,,20.939,19.5,62.1,15.647867,15.0,,https://www.screener.in/company/RADICO/,https://www.tradingview.com/chart/?symbol=NSE:RADICO
2026-06-29,BAJAJCON,Bajaj Consumer Care Limited,Consumer Defensive,Household & Personal Products,55.4,28.0,27.4,C,✅ Supertrend Buy | 📈 EMA Bull Stack | 🏆 Near 52W High | 💎 High ROE,578.45,-1.97,581.45,534.87,391.63,✓,Buy,91.44,52.37,18.2945,22.2971,-4.0027,,49.01,523654,728591,0.72,7800.0,41.964165,28.952728,25.31,2.092,30.4,113.0,10.589644,0.0,3.492,https://www.screener.in/company/BAJAJCON/,https://www.tradingview.com/chart/?symbol=NSE:BAJAJCON
2026-06-29,THERMAX,Thermax Limited,Industrials,Conglomerates,54.5,35.4,19.1,C,✅ Supertrend Buy | 📈 EMA Bull Stack | 🏆 Near 52W High | 📉 Tight Base,4828.8,1.5,4719.59,4443.17,3714.99,✓,Buy,95.15,57.94,87.4543,104.5473,-17.093,,47.84,252190,300286,0.84,57734.0,80.406334,53.10035,13.69,42.166,11.1,18.7,10.4049635,29.0,1.221,https://www.screener.in/company/THERMAX/,https://www.tradingview.com/chart/?symbol=NSE:THERMAX
2026-06-29,SUNPHARMA,Sun Pharmaceutical Industries Limited,Healthcare,Drug Manufacturers - Specialty & Generic,54.400000000000006,32.2,22.2,C,✅ Supertrend Buy | 📈 EMA Bull Stack | 🏆 Near 52W High | 📉 Tight Base,1862.8,-0.62,1829.8,1808.28,1745.93,✓,Buy,97.19,62.56,13.7331,6.268,7.4651,,19.29,1816438,2651116,0.69,449827.0,39.164406,28.990274,14.72,5.517,12.8,25.6,5.3881617,86.0,2.824,https://www.screener.in/company/SUNPHARMA/,https://www.tradingview.com/chart/?symbol=NSE:SUNPHARMA
2026-06-29,RATEGAIN,RateGain Travel Technologies Limited,Technology,Software - Application,54.4,35.4,19.0,C,✅ Supertrend Buy | 📈 EMA Bull Stack | 🏆 Near 52W High,840.95,-2.24,807.91,726.99,625.53,✓,Buy,93.27,62.77,47.6731,49.3879,-1.7147,,57.32,291667,609516,0.48,10231.0,52.70732,26.127655,10.54,47.296,174.5,27.1,5.0892863,0.0,1.412,https://www.screener.in/company/RATEGAIN/,https://www.tradingview.com/chart/?symbol=NSE:RATEGAIN
2026-06-29,CUMMINSIND,Cummins India Limited,Industrials,Specialty Industrial Machinery,54.4,20.0,34.4,C,✅ Supertrend Buy | 📈 EMA Bull Stack | 🏆 Near 52W High | 📉 Tight Base | 💎 High ROE,5642.0,1.56,5673.33,5464.9,4691.6,✓,Buy,92.49,50.53,64.2452,94.57,-30.3248,,15.56,479618,495533,0.97,153610.0,65.04871,46.569508,29.45,0.431,21.9,22.7,18.124226,117.0,3.324,https://www.screener.in/company/CUMMINSIND/,https://www.tradingview.com/chart/?symbol=NSE:CUMMINSIND
2026-06-29,CHOLAFIN,Cholamandalam Investment and Finance Company Limited,Financial Services,Credit Services,54.3,27.7,26.6,C,✅ Supertrend Buy | 📊 High Volume | 🏆 At 52W High | 🎯 VCP Pattern | 📉 Tight Base,1799.2,0.35,1641.72,1596.66,1602.22,✗,Buy,98.31,74.02,59.5074,32.4068,27.1005,,28.46,3949686,1934134,2.04,151249.0,28.66376,18.268505,19.33,693.261,24.1,29.1,4.957163,8.0,93.304,https://www.screener.in/company/CHOLAFIN/,https://www.tradingview.com/chart/?symbol=NSE:CHOLAFIN
2026-06-29,NYKAA,FSN E-Commerce Ventures Limited,Consumer Cyclical,Internet Retail,54.2,34.6,19.6,C,✅ Supertrend Buy | 📈 EMA Bull Stack | 🏆 Near 52W High | 📉 Tight Base,301.35,-1.68,284.15,273.56,255.1,✓,Buy,97.29,68.56,9.852,6.246,3.6061,,29.78,6174289,8844932,0.7,86502.0,437.7536,110.16525,14.34,82.405,28.4,290.2,60.98324,0.0,1.156,https://www.screener.in/company/NYKAA/,https://www.tradingview.com/chart/?symbol=NSE:NYKAA
2026-06-29,PFC,Power Finance Corporation Limited,Financial Services,Credit Services,54.2,32.2,22.0,C,📈 EMA Bull Stack | 📉 Tight Base | 💎 High ROE,432.65,-1.02,431.27,431.12,409.4,✓,Sell,88.93,50.55,-0.3141,-1.9208,1.6067,,12.82,8674187,6799765,1.28,140073.0,5.4083843,6.5181723,20.47,586.017,-15.4,10.8,1.0542015,365.0,287.366,https://www.screener.in/company/PFC/,https://www.tradingview.com/chart/?symbol=NSE:PFC
2026-06-29,GRSE,Garden Reach Shipbuilders & Engineers Limited,Industrials,Aerospace & Defense,54.0,22.4,31.6,C,✅ Supertrend Buy | 📈 EMA Bull Stack | 📉 Tight Base | 💎 High ROE | 👤 High Promoter,2724.8,-2.08,2727.33,2687.25,2554.23,✓,Buy,77.55,50.49,26.3847,13.15,13.2346,,16.3,615904,981759,0.63,30675.0,44.466953,31.878572,31.79,1.424,29.1,24.2,11.679883,98.0,1.234,https://www.screener.in/company/GRSE/,https://www.tradingview.com/chart/?symbol=NSE:GRSE
2026-06-29,MANAPPURAM,Manappuram Finance Limited,Financial Services,Credit Services,53.599999999999994,37.8,15.8,C,✅ Supertrend Buy | 📈 EMA Bull Stack | 📊 High Volume | 🏆 Near 52W High | 🎯 VCP Pattern | 📉 Tight Base,318.5,0.05,314.8,306.76,287.77,✓,Buy,95.36,54.3,3.4408,2.9621,0.4787,,14.6,7606670,2946096,2.58,29631.0,26.91553,10.7846155,6.97,360.191,109.3,,1.6643891,63.0,94.116,https://www.screener.in/company/MANAPPURAM/,https://www.tradingview.com/chart/?symbol=NSE:MANAPPURAM
2026-06-29,GAIL,GAIL (India) Limited,Utilities,Utilities - Regulated Gas,53.3,39.4,13.9,C,✅ Supertrend Buy | 📈 EMA Bull Stack | 🏆 Near 52W High | 📉 Tight Base,172.85,-1.19,171.19,166.4,165.65,✓,Buy,91.72,55.67,3.0748,3.0625,0.0123,,20.6,9847241,9582855,1.03,113236.0,14.936687,9.647742,8.69,27.809,-2.4,-40.3,1.2705369,723.0,0.849,https://www.screener.in/company/GAIL/,https://www.tradingview.com/chart/?symbol=NSE:GAIL
2026-06-29,CAMS,Computer Age Management Services Limited,Technology,Information Technology Services,52.800000000000004,32.2,20.6,C,✅ Supertrend Buy | 📈 EMA Bull Stack | 🏆 Near 52W High | 📉 Tight Base | 💎 High ROE,798.3,0.14,787.83,768.48,746.7,✓,Buy,92.72,54.92,11.9655,8.8703,3.0952,,16.75,1674223,1173888,1.43,19575.0,41.161274,30.416279,38.69,4.863,11.0,10.7,14.805881,157.0,3.426,https://www.screener.in/company/CAMS/,https://www.tradingview.com/chart/?symbol=NSE:CAMS
2026-06-29,BAJFINANCE,Bajaj Finance Limited,Financial Services,Credit Services,52.8,28.6,24.2,C,✅ Supertrend Buy | 📉 Tight Base,980.4,-1.06,940.12,927.58,939.76,✗,Buy,88.93,64.18,17.7682,9.2887,8.4796,,22.87,12807092,11427424,1.12,610627.0,32.20892,19.8487,17.91,313.407,26.8,21.4,5.355507,55.0,7.201,https://www.screener.in/company/BAJFINANCE/,https://www.tradingview.com/chart/?symbol=NSE:BAJFINANCE
2026-06-29,POLYCAB,Polycab India Limited,Industrials,Electrical Equipment & Parts,52.8,27.2,25.6,C,✅ Supertrend Buy | 📈 EMA Bull Stack | 🏆 Near 52W High | 📉 Tight Base | 💎 High ROE,9531.0,-1.67,9607.51,9116.27,7979.04,✓,Buy,94.12,51.23,202.9807,242.5576,-39.5769,,25.38,407574,292454,1.39,147251.0,55.161327,39.464493,24.58,2.558,26.9,8.0,12.259855,49.0,1.841,https://www.screener.in/company/POLYCAB/,https://www.tradingview.com/chart/?symbol=NSE:POLYCAB
2026-06-29,HAL,Hindustan Aeronautics Limited,Industrials,Aerospace & Defense,52.8,19.0,33.8,C,✅ Supertrend Buy | 📉 Tight Base | 💎 High ROE | 🏦 Zero Debt | 👤 High Promoter,4368.7,-0.0,4358.64,4322.76,4341.2,✗,Buy,87.26,51.2,21.0465,4.3064,16.7402,,19.28,731421,1069690,0.68,290436.0,31.862066,26.018085,23.98,0.027,1.8,5.5,7.0770097,114.0,2.614,https://www.screener.in/company/HAL/,https://www.tradingview.com/chart/?symbol=NSE:HAL
2026-06-29,NESTLEIND,Nestlé India Limited,Consumer Defensive,Packaged Foods,52.4,25.0,27.4,C,📈 EMA Bull Stack | 🏆 Near 52W High | 📉 Tight Base | 💎 High ROE,1402.6,1.45,1402.03,1388.66,1305.57,✓,Sell,93.63,50.19,-2.9335,-1.764,-1.1695,,13.79,1968226,2218409,0.89,267515.0,76.68878,58.383305,76.34,8.621,23.0,27.4,51.87526,86.0,0.964,https://www.screener.in/company/NESTLEIND/,https://www.tradingview.com/chart/?symbol=NSE:NESTLEIND
2026-06-29,TORNTPHARM,Torrent Pharmaceuticals Limited,Healthcare,Drug Manufacturers - Specialty & Generic,52.099999999999994,27.4,24.7,C,✅ Supertrend Buy | 📈 EMA Bull Stack | 🏆 Near 52W High | 📉 Tight Base,4516.2,0.26,4461.63,4386.2,4045.14,✓,Buy,96.02,57.06,31.6963,33.3454,-1.6491,,14.59,203323,593865,0.34,157634.0,72.62748,49.081654,16.99,85.446,41.8,-21.7,18.79186,84.0,1.126,https://www.screener.in/company/TORNTPHARM/,https://www.tradingview.com/chart/?symbol=NSE:TORNTPHARM
2026-06-29,BHEL,Bharat Heavy Electricals Limited,Industrials,Specialty Industrial Machinery,51.8,37.0,14.8,C,📈 EMA Bull Stack | 🏆 Near 52W High | 📉 Tight Base,402.7,-0.05,397.13,376.65,309.43,✓,Sell,94.78,55.13,4.9548,4.9419,0.0129,,24.35,8630710,11699153,0.74,144070.0,90.14161,31.941889,6.29,31.312,36.9,156.4,5.504264,12.0,1.593,https://www.screener.in/company/BHEL/,https://www.tradingview.com/chart/?symbol=NSE:BHEL
2026-06-29,METROPOLIS,Metropolis Healthcare Limited,Healthcare,Diagnostics & Research,51.5,29.8,21.7,C,✅ Supertrend Buy | 📈 EMA Bull Stack | 🏆 Near 52W High,543.35,-1.78,537.49,520.68,490.25,✓,Buy,90.74,54.52,7.0977,7.1565,-0.0588,,28.53,198719,212169,0.94,10860.0,57.05882,34.55512,13.37,15.212,23.0,73.0,7.162881,37.0,1.403,https://www.screener.in/company/METROPOLIS/,https://www.tradingview.com/chart/?symbol=NSE:METROPOLIS
2026-06-29,MCX,Multi Commodity Exchange of India Limited,Financial Services,Financial Data & Stock Exchanges,51.4,16.4,35.0,C,⚡ Fresh MACD Cross | 🎯 VCP Pattern | 📉 Tight Base | 💎 High ROE,2831.7,-0.31,2885.84,2889.22,2431.09,✗,Sell,81.37,43.57,-49.3143,-50.6671,1.3528,✓,25.33,3043053,3732162,0.82,74178.0,55.940502,35.039097,37.88,0.113,200.0,291.2,17.627207,21.0,1.31,https://www.screener.in/company/MCX/,https://www.tradingview.com/chart/?symbol=NSE:MCX
2026-06-29,NMDC,NMDC Limited,Basic Materials,Steel,51.2,19.2,32.0,C,📈 EMA Bull Stack | 📉 Tight Base | 💎 High ROE,84.94,-0.89,88.47,88.12,81.08,✓,Sell,87.13,38.28,-1.0334,-0.3744,-0.659,,20.9,22750846,35066523,0.65,75126.0,10.088547,8.487986,23.36,18.802,61.9,37.7,2.2015252,412.0,2.429,https://www.screener.in/company/NMDC/,https://www.tradingview.com/chart/?symbol=NSE:NMDC
2026-06-29,COFORGE,Coforge Limited,Technology,Information Technology Services,51.0,26.2,24.8,C,✅ Supertrend Buy | 📉 Tight Base,1492.9,-0.33,1441.7,1387.07,1476.9,✗,Buy,75.21,61.86,35.6035,33.8479,1.7556,,20.5,2997232,3751849,0.8,66023.0,33.980408,21.824406,18.6,7.518,30.5,134.0,5.2520924,107.0,1.609,https://www.screener.in/company/COFORGE/,https://www.tradingview.com/chart/?symbol=NSE:COFORGE
2026-06-29,ATGL,Adani Total Gas Limited,Utilities,Utilities - Regulated Gas,50.900000000000006,30.6,20.3,C,✅ Supertrend Buy | 📈 EMA Bull Stack | 🎯 VCP Pattern | 👤 High Promoter,719.8,0.06,717.07,679.35,619.87,✓,Buy,83.74,52.89,11.7395,17.3872,-5.6478,,32.76,1741949,7898355,0.22,80468.0,122.55445,,14.46,58.65,16.1,8.5,16.540817,3.0,0.638,https://www.screener.in/company/ATGL/,https://www.tradingview.com/chart/?symbol=NSE:ATGL
2026-06-29,AVALON,Avalon Technologies Limited,Technology,Electronic Components,50.900000000000006,29.8,21.1,C,✅ Supertrend Buy | 📈 EMA Bull Stack | 🏆 Near 52W High,1750.3,0.11,1648.84,1459.43,1142.27,✓,Buy,96.86,67.52,100.3041,105.9909,-5.6867,,27.89,182321,358687,0.51,11924.0,106.23215,54.145527,16.94,29.503,40.0,69.0,16.5198,0.0,2.052,https://www.screener.in/company/AVALON/,https://www.tradingview.com/chart/?symbol=NSE:AVALON
2026-06-29,BSE,BSE Limited,Financial Services,Financial Data & Stock Exchanges,50.9,14.4,36.5,C,📈 EMA Bull Stack | 📉 Tight Base | 💎 High ROE | 🏦 Zero Debt,3872.1,-0.37,3987.67,3835.82,3178.96,✓,Sell,87.08,44.07,2.9905,33.5255,-30.535,,19.9,2834114,3888581,0.73,156762.0,63.905624,38.960693,36.0,0.0,105.1,64.0,19.937912,26.0,1.53,https://www.screener.in/company/BSE/,https://www.tradingview.com/chart/?symbol=NSE:BSE
2026-06-29,BANDHANBNK,Bandhan Bank Limited,Financial Services,Banks - Regional,50.400000000000006,29.6,20.8,C,✅ Supertrend Buy | 📈 EMA Bull Stack | 📊 High Volume | 🏆 Near 52W High | 📉 Tight Base,201.76,-4.72,206.03,197.46,176.27,✓,Buy,92.5,47.62,2.9851,3.9076,-0.9225,,20.21,31399294,9681174,3.24,32597.0,26.657444,9.362413,4.88,,119.3,68.0,1.2728039,74.0,,https://www.screener.in/company/BANDHANBNK/,https://www.tradingview.com/chart/?symbol=NSE:BANDHANBNK
2026-06-29,FILATEX,Filatex India Limited,Consumer Cyclical,Textile Manufacturing,49.6,33.0,16.6,C,✅ Supertrend Buy | 📈 EMA Bull Stack,52.72,-1.9,51.34,48.19,47.91,✓,Buy,79.76,59.75,2.2779,2.334,-0.0561,,33.29,446880,1672059,0.27,2297.0,12.525423,3.8924003,,9.979,-1.8,17.0,2.387722,62.0,,https://www.screener.in/company/FILATEX/,https://www.tradingview.com/chart/?symbol=NSE:FILATEX
2026-06-29,ASIANPAINT,Asian Paints Limited,Basic Materials,Specialty Chemicals,49.3,27.2,22.1,C,✅ Supertrend Buy | 📈 EMA Bull Stack | 📉 Tight Base | 💎 High ROE,2645.2,-0.84,2663.0,2589.8,2505.96,✓,Buy,89.36,49.93,26.8641,39.684,-12.8198,,34.18,2050810,1494764,1.37,254702.0,58.741985,45.35394,20.89,17.847,10.6,69.2,11.924669,104.0,2.209,https://www.screener.in/company/ASIANPAINT/,https://www.tradingview.com/chart/?symbol=NSE:ASIANPAINT
2026-06-29,HFCL,HFCL Limited,Technology,Communication Equipment,49.0,37.8,11.2,C,✅ Supertrend Buy | 📈 EMA Bull Stack | 🏆 Near 52W High | 🎯 VCP Pattern,215.0,5.0,188.29,159.23,107.29,✓,Buy,97.69,71.94,15.2154,14.356,0.8593,,53.64,23441205,41089085,0.57,32278.0,99.02816,40.56346,7.27,38.321,127.8,,6.36232,5.0,1.991,https://www.screener.in/company/HFCL/,https://www.tradingview.com/chart/?symbol=NSE:HFCL
2026-06-29,UNITDSPR,UNITDSPR,Consumer Defensive,Beverages - Wineries & Distilleries,49.0,28.9,20.1,C,🔥 Breakout Confirmed | ✅ Supertrend Buy | 🏆 Near 52W High | 📉 Tight Base | 💎 High ROE,1384.9,1.9,1310.66,1303.33,1346.79,✗,Buy,93.49,68.22,19.4336,7.0755,12.3581,,18.54,1774172,921190,1.93,97581.0,55.6639,43.812737,20.03,4.611,0.8,28.0,10.638467,123.0,2.053,https://www.screener.in/company/UNITDSPR/,https://www.tradingview.com/chart/?symbol=NSE:UNITDSPR
2026-06-29,ADANIENSOL,Adani Energy Solutions Limited,Utilities,Utilities - Independent Power Producers,48.300000000000004,32.2,16.1,C,✅ Supertrend Buy | 📈 EMA Bull Stack | 🏆 Near 52W High | 📉 Tight Base | 👤 High Promoter,1507.8,0.8,1493.58,1404.56,1146.25,✓,Buy,93.37,55.13,27.0023,37.1591,-10.1568,,23.81,1235265,2602577,0.47,178559.0,80.12939,43.682095,9.66,194.5,16.8,3.5,7.0222516,0.0,1.154,https://www.screener.in/company/ADANIENSOL/,https://www.tradingview.com/chart/?symbol=NSE:ADANIENSOL
2026-06-29,AAVAS,Aavas Financiers Limited,Financial Services,Mortgage Finance,47.7,23.8,23.9,C,✅ Supertrend Buy | 📉 Tight Base,1489.9,0.49,1408.9,1370.34,1445.14,✗,Buy,69.2,68.0,36.1494,21.7582,14.3912,,23.07,86272,237549,0.36,11765.0,18.075285,12.726803,13.92,310.553,19.2,18.3,2.326464,0.0,1603.958,https://www.screener.in/company/AAVAS/,https://www.tradingview.com/chart/?symbol=NSE:AAVAS
2026-06-29,LAURUSLABS,Laurus Labs Limited,Healthcare,Drug Manufacturers - Specialty & Generic,47.4,35.4,12.0,C,✅ Supertrend Buy | 📈 EMA Bull Stack | 🏆 Near 52W High | 📉 Tight Base,1450.0,-0.29,1400.19,1313.3,1087.58,✓,Buy,97.15,64.48,37.8639,38.7666,-0.9027,,33.28,1403450,1948928,0.72,81054.0,91.593414,62.5316,17.74,46.369,5.3,19.4,15.283763,17.0,1.328,https://www.screener.in/company/LAURUSLABS/,https://www.tradingview.com/chart/?symbol=NSE:LAURUSLABS
2026-06-29,AUROPHARMA,Aurobindo Pharma Limited,Healthcare,Drug Manufacturers - Specialty & Generic,47.199999999999996,32.8,14.4,C,📤 20D Breakout | ✅ Supertrend Buy | 📈 EMA Bull Stack | 🏆 At 52W High | 📉 Tight Base,1555.2,1.61,1475.9,1438.59,1300.0,✓,Buy,99.37,67.4,20.0968,8.9617,11.1352,,19.3,2098976,1404177,1.49,89040.0,25.646338,17.411335,9.93,21.31,5.6,1.9,2.3723238,26.0,1.813,https://www.screener.in/company/AUROPHARMA/,https://www.tradingview.com/chart/?symbol=NSE:AUROPHARMA
2026-06-29,NHPC,NHPC Limited,Utilities,Utilities - Renewable,47.099999999999994,27.7,19.4,C,✅ Supertrend Buy | 🏆 Near 52W High | 📉 Tight Base,79.4,0.11,76.7,77.33,78.57,✗,Buy,90.6,59.23,0.0649,-0.695,0.7599,,21.14,14657754,49090804,0.3,81937.0,29.447653,12.745313,9.02,113.111,19.2,70.6,1.9823083,241.0,0.944,https://www.screener.in/company/NHPC/,https://www.tradingview.com/chart/?symbol=NSE:NHPC
2026-06-29,KIMS,Krishna Institute of Medical Sciences Limited,Healthcare,Medical Care Facilities,47.0,32.2,14.8,C,✅ Supertrend Buy | 📈 EMA Bull Stack | 🏆 Near 52W High | 📉 Tight Base,795.35,-0.23,781.99,750.07,701.45,✓,Buy,97.23,57.21,15.9158,16.3603,-0.4445,,26.57,239051,719870,0.33,32229.0,133.35265,46.969315,9.72,166.226,34.8,-58.4,14.340781,0.0,0.757,https://www.screener.in/company/KIMS/,https://www.tradingview.com/chart/?symbol=NSE:KIMS
2026-06-29,GRANULES,Granules India Limited,Healthcare,Drug Manufacturers - Specialty & Generic,46.900000000000006,24.8,22.1,C,✅ Supertrend Buy | 📈 EMA Bull Stack | 🏆 Near 52W High | 📉 Tight Base,764.2,-0.86,766.89,736.97,632.55,✓,Buy,95.01,51.08,8.07,10.2845,-2.2145,,29.88,555260,949242,0.58,19695.0,32.507156,20.405647,13.52,29.735,22.8,31.3,3.8281476,23.0,1.801,https://www.screener.in/company/GRANULES/,https://www.tradingview.com/chart/?symbol=NSE:GRANULES
2026-06-29,ADANIGREEN,Adani Green Energy Limited,Utilities,Utilities - Renewable,46.7,35.4,11.3,C,✅ Supertrend Buy | 📈 EMA Bull Stack | 🏆 At 52W High | 📉 Tight Base,1526.1,0.05,1481.28,1372.14,1136.93,✓,Buy,98.02,60.55,41.9432,46.46,-4.5169,,40.02,2282406,3227689,0.71,247488.0,156.34756,49.17153,7.58,346.548,14.3,209.8,12.829818,0.0,0.569,https://www.screener.in/company/ADANIGREEN/,https://www.tradingview.com/chart/?symbol=NSE:ADANIGREEN
2026-06-29,HINDPETRO,Hindustan Petroleum Corporation Limited,Energy,Oil & Gas Refining & Marketing,46.7,21.4,25.3,C,✅ Supertrend Buy | 📉 Tight Base | 💎 High ROE,409.25,-0.88,394.09,388.93,403.19,✗,Buy,80.49,59.76,5.8195,3.9445,1.875,,13.94,5756207,6437076,0.89,82900.0,4.5943394,7.119467,30.93,85.369,4.9,77.5,1.2647668,849.0,0.642,https://www.screener.in/company/HINDPETRO/,https://www.tradingview.com/chart/?symbol=NSE:HINDPETRO
2026-06-29,RECLTD,REC Limited,Financial Services,Credit Services,45.8,25.3,20.5,C,✅ Supertrend Buy | 🏆 Near 52W High | 📉 Tight Base,364.65,0.27,353.3,349.43,354.06,✗,Buy,93.79,60.25,5.4966,3.2204,2.2762,,18.79,6473908,6027005,1.07,96100.0,5.9043846,5.251772,19.96,607.463,-14.4,-21.9,1.1411928,636.0,282.504,https://www.screener.in/company/RECLTD/,https://www.tradingview.com/chart/?symbol=NSE:RECLTD
2026-06-29,ADANIPORTS,Adani Ports and Special Economic Zone Limited,Industrials,Marine Shipping,45.7,20.0,25.7,C,✅ Supertrend Buy | 📈 EMA Bull Stack | 🏆 Near 52W High | 📉 Tight Base,1796.0,-0.95,1801.76,1734.0,1558.03,✓,Buy,97.08,51.46,19.3246,27.2751,-7.9506,,16.31,1850390,2302062,0.8,409206.0,30.522427,22.921448,15.59,64.051,26.5,3.6,4.264397,42.0,1.394,https://www.screener.in/company/ADANIPORTS/,https://www.tradingview.com/chart/?symbol=NSE:ADANIPORTS
2026-06-29,JSWSTEEL,JSW Steel Limited,Basic Materials,Steel,45.6,16.8,28.8,C,📈 EMA Bull Stack | 🏆 Near 52W High | 📉 Tight Base | 💎 High ROE,1231.0,-0.02,1271.96,1265.06,1194.88,✓,Sell,92.7,36.52,-7.2503,0.3299,-7.5802,,14.21,1706161,1513886,1.13,300808.0,13.510195,17.1478,27.26,94.155,14.2,991.8,3.006367,58.0,1.491,https://www.screener.in/company/JSWSTEEL/,https://www.tradingview.com/chart/?symbol=NSE:JSWSTEEL
2026-06-29,ALKYLAMINE,Alkyl Amines Chemicals Limited,Basic Materials,Specialty Chemicals,45.3,27.4,17.9,C,✅ Supertrend Buy | 📈 EMA Bull Stack | 👤 High Promoter,1788.7,0.97,1774.22,1690.79,1660.76,✓,Buy,73.76,53.97,33.6608,43.0407,-9.3799,,24.08,28526,220369,0.13,8579.0,47.59648,37.890812,,,-4.6,-3.5,5.5944686,76.0,,https://www.screener.in/company/ALKYLAMINE/,https://www.tradingview.com/chart/?symbol=NSE:ALKYLAMINE
2026-06-29,MGL,Mahanagar Gas Limited,Utilities,Utilities - Regulated Gas,45.2,26.2,19.0,C,✅ Supertrend Buy | 📉 Tight Base,1174.6,-1.79,1152.39,1118.49,1149.93,✗,Buy,75.81,56.54,32.4222,24.6649,7.7573,,25.18,150300,269529,0.56,11281.0,13.411225,12.179148,13.63,3.461,4.5,-47.4,1.7551867,255.0,0.938,https://www.screener.in/company/MGL/,https://www.tradingview.com/chart/?symbol=NSE:MGL
2026-06-29,ANGELONE,Angel One Limited,Financial Services,Capital Markets,45.2,21.6,23.6,C,✅ Supertrend Buy | 📈 EMA Bull Stack | 🏆 Near 52W High | 📉 Tight Base,335.25,-1.59,339.78,322.76,280.55,✓,Buy,93.01,49.33,5.883,7.5379,-1.6549,,20.21,3444464,6588451,0.52,30026.0,33.341785,18.903444,15.53,129.314,33.5,82.7,4.8946624,209.0,1.324,https://www.screener.in/company/ANGELONE/,https://www.tradingview.com/chart/?symbol=NSE:ANGELONE
2026-06-29,APOLLOHOSP,Apollo Hospitals Enterprise Limited,Healthcare,Medical Care Facilities,45.0,25.0,20.0,C,✅ Supertrend Buy | 📈 EMA Bull Stack | 🏆 At 52W High | 📉 Tight Base | 💎 High ROE,8592.0,0.22,8404.52,8163.37,7672.61,✓,Buy,98.83,67.69,118.9788,121.8784,-2.8996,,16.49,378450,409519,0.92,124446.0,64.16339,40.529556,21.5,85.146,18.1,35.6,13.124176,23.0,1.065,https://www.screener.in/company/APOLLOHOSP/,https://www.tradingview.com/chart/?symbol=NSE:APOLLOHOSP
2026-06-29,MAXHEALTH,Max Healthcare Institute Limited,Healthcare,Medical Care Facilities,44.5,28.1,16.4,D,🔥 Breakout Confirmed | ✅ Supertrend Buy | 📉 Tight Base,1123.35,3.85,1046.58,1026.11,1058.87,✗,Buy,85.47,72.33,24.9027,13.8024,11.1003,,24.31,5156097,3337020,1.55,111913.0,78.11821,47.292088,14.33,32.367,12.2,7.3,10.402851,18.0,0.889,https://www.screener.in/company/MAXHEALTH/,https://www.tradingview.com/chart/?symbol=NSE:MAXHEALTH
2026-06-29,PRESTIGE,Prestige Estates Projects Limited,Real Estate,Real Estate - Diversified,44.3,23.8,20.5,D,✅ Supertrend Buy | 📉 Tight Base,1556.3,0.99,1459.26,1418.45,1458.34,✗,Buy,85.89,68.17,43.0143,28.2358,14.7785,,23.41,735188,789267,0.93,66307.0,55.574005,26.73671,8.0,105.493,166.5,901.7,4.0721526,12.0,1.148,https://www.screener.in/company/PRESTIGE/,https://www.tradingview.com/chart/?symbol=NSE:PRESTIGE
2026-06-29,KOTAKBANK,Kotak Mahindra Bank Limited,Financial Services,Banks - Regional,43.8,27.7,16.1,D,✅ Supertrend Buy | 🏆 Near 52W High | 📉 Tight Base,409.0,0.75,396.6,390.48,401.21,✗,Buy,90.25,66.66,6.284,5.1827,1.1013,,22.59,16587414,14841241,1.12,393383.0,20.397112,14.125,11.39,,-11.0,9.8,2.1716094,12.0,,https://www.screener.in/company/KOTAKBANK/,https://www.tradingview.com/chart/?symbol=NSE:KOTAKBANK
2026-06-29,INDHOTEL,The Indian Hotels Company Limited,Consumer Cyclical,Lodging,43.8,26.2,17.6,D,✅ Supertrend Buy | 📉 Tight Base,720.65,-0.67,691.04,669.82,684.09,✗,Buy,89.15,67.84,19.5101,14.6085,4.9016,,23.03,3352755,2549840,1.31,100644.0,48.328773,38.63902,16.43,18.987,14.3,14.7,7.7108054,45.0,2.495,https://www.screener.in/company/INDHOTEL/,https://www.tradingview.com/chart/?symbol=NSE:INDHOTEL
2026-06-29,NIITLTD,NIIT Limited,Consumer Defensive,Education & Training Services,43.599999999999994,29.4,14.2,D,✅ Supertrend Buy,100.38,-2.97,92.94,83.06,87.01,✗,Buy,75.65,60.41,7.2039,7.0643,0.1396,,39.96,1065719,6175050,0.17,1315.0,240.525,30.065624,0.57,0.65,15.6,,1.2414674,100.0,5.709,https://www.screener.in/company/NIITLTD/,https://www.tradingview.com/chart/?symbol=NSE:NIITLTD
2026-06-29,DRREDDY,Dr. Reddy's Laboratories Limited,Healthcare,Drug Manufacturers - Specialty & Generic,42.099999999999994,32.8,9.3,D,📤 20D Breakout | ✅ Supertrend Buy | 📈 EMA Bull Stack | 🏆 At 52W High | 📉 Tight Base,1350.5,1.66,1294.07,1288.73,1267.48,✓,Buy,98.15,69.78,5.7008,-1.9041,7.6049,,18.98,1699744,1565180,1.09,114556.0,26.73858,21.335262,11.83,20.328,-11.6,-86.2,3.0380456,59.0,1.802,https://www.screener.in/company/DRREDDY/,https://www.tradingview.com/chart/?symbol=NSE:DRREDDY
2026-06-29,PETRONET,Petronet LNG Limited,Energy,Oil & Gas Refining & Marketing,41.9,21.4,20.5,D,✅ Supertrend Buy | 📉 Tight Base,282.25,-1.95,279.31,275.33,277.17,✗,Buy,87.47,55.14,4.5933,3.6128,0.9805,,17.53,3057705,3763643,0.81,42188.0,10.784125,9.972089,18.56,10.507,-23.3,25.3,1.8927413,354.0,5.67,https://www.screener.in/company/PETRONET/,https://www.tradingview.com/chart/?symbol=NSE:PETRONET
2026-06-29,GRASIM,Grasim Industries Limited,Basic Materials,Building Materials,41.7,29.8,11.9,D,✅ Supertrend Buy | 📈 EMA Bull Stack | 🏆 Near 52W High | 📉 Tight Base,3126.6,-0.04,3112.54,3018.92,2863.06,✓,Buy,97.71,56.51,37.6003,45.9979,-8.3976,,15.35,785517,695716,1.13,208891.0,42.102238,20.97694,6.29,134.138,10.5,60.8,2.0187058,32.0,0.947,https://www.screener.in/company/GRASIM/,https://www.tradingview.com/chart/?symbol=NSE:GRASIM
2026-06-29,TATACONSUM,Tata Consumer Products Limited,Consumer Defensive,Packaged Foods,41.6,31.8,9.8,D,⚡ Fresh MACD Cross | 📉 Tight Base,1131.3,3.02,1126.09,1135.83,1130.8,✗,Sell,88.94,50.03,-12.924,-13.4341,0.5101,✓,24.4,2959240,1946648,1.52,110128.0,71.28764,46.459335,6.94,12.159,17.9,21.5,5.417115,88.0,1.568,https://www.screener.in/company/TATACONSUM/,https://www.tradingview.com/chart/?symbol=NSE:TATACONSUM
2026-06-29,INDIANB,Indian Bank,Financial Services,Banks - Regional,40.8,15.6,25.2,D,✅ Supertrend Buy | 📉 Tight Base,832.6,-1.31,843.22,844.23,808.99,✗,Buy,84.96,46.72,5.4285,5.3875,0.041,,23.13,2035820,3842481,0.53,109737.0,9.372987,7.5915513,15.44,,1.5,6.4,1.3709787,219.0,,https://www.screener.in/company/INDIANB/,https://www.tradingview.com/chart/?symbol=NSE:INDIANB
2026-06-29,IDFCFIRSTB,IDFC First Bank Limited,Financial Services,Banks - Regional,40.4,28.5,11.9,D,✅ Supertrend Buy | 🏆 Near 52W High | 📉 Tight Base,79.22,0.03,75.9,72.96,73.18,✗,Buy,91.06,68.99,2.5327,2.2439,0.2888,,40.66,13831461,31857557,0.43,67367.0,41.59574,12.103408,,,-1.1,-23.2,1.4353628,32.0,,https://www.screener.in/company/IDFCFIRSTB/,https://www.tradingview.com/chart/?symbol=NSE:IDFCFIRSTB
2026-06-29,TANLA,Tanla Platforms Limited,Technology,Software - Application,40.1,14.0,26.1,D,✅ Supertrend Buy | 📉 Tight Base | 💎 High ROE,520.05,-0.25,520.24,511.52,518.66,✗,Buy,69.33,50.62,1.6594,2.065,-0.4056,,25.34,285390,396056,0.72,7010.0,13.876242,11.824972,21.41,2.118,15.0,16.4,2.8126473,231.0,2.298,https://www.screener.in/company/TANLA/,https://www.tradingview.com/chart/?symbol=NSE:TANLA
2026-06-29,INDUSINDBK,IndusInd Bank Limited,Financial Services,Banks - Regional,40.0,25.0,15.0,D,✅ Supertrend Buy | 📈 EMA Bull Stack | 🏆 Near 52W High | 📉 Tight Base,918.95,-0.77,916.63,903.53,866.03,✓,Buy,95.0,51.59,6.0641,6.5837,-0.5195,,18.38,1469160,2165447,0.68,71322.0,80.368744,12.629353,1.36,,272.7,,1.0843505,16.0,,https://www.screener.in/company/INDUSINDBK/,https://www.tradingview.com/chart/?symbol=NSE:INDUSINDBK
2026-06-29,SIEMENS,Siemens Limited,Industrials,Specialty Industrial Machinery,38.599999999999994,19.2,19.4,D,📈 EMA Bull Stack | 🏆 Near 52W High | 📉 Tight Base | 👤 High Promoter,3627.9,1.86,3669.94,3624.24,3361.42,✓,Sell,92.14,47.23,-3.5131,1.8887,-5.4018,,13.11,504071,468563,1.08,127245.0,75.17568,51.56756,,2.213,14.6,-36.4,9.187307,39.0,2.57,https://www.screener.in/company/SIEMENS/,https://www.tradingview.com/chart/?symbol=NSE:SIEMENS
2026-06-29,RAYMOND,Raymond Limited,Industrials,Specialty Industrial Machinery,36.699999999999996,29.4,7.3,D,✅ Supertrend Buy,592.3,-2.3,567.46,521.4,553.72,✗,Buy,75.56,63.68,25.5506,24.9148,0.6358,,40.93,406067,679404,0.6,3883.0,114.6169,25.700441,1.47,34.127,,-99.1,1.3635461,0.0,1.72,https://www.screener.in/company/RAYMOND/,https://www.tradingview.com/chart/?symbol=NSE:RAYMOND
2026-06-29,WELSPUNLIV,Welspun Living Limited,Consumer Cyclical,Textile Manufacturing,35.9,29.0,6.9,D,✅ Supertrend Buy | 📈 EMA Bull Stack | 🏆 Near 52W High | 📉 Tight Base,167.32,-1.48,151.84,142.42,134.02,✓,Buy,97.85,73.7,7.5166,5.269,2.2476,,28.48,2493500,4086025,0.61,15255.0,75.71962,17.361433,4.3,46.501,-8.0,-22.1,3.3521585,6.0,1.584,https://www.screener.in/company/WELSPUNLIV/,https://www.tradingview.com/chart/?symbol=NSE:WELSPUNLIV
2026-06-29,TIINDIA,Tube Investments of India Limited,Industrials,Conglomerates,35.8,19.2,16.6,D,✅ Supertrend Buy | 📈 EMA Bull Stack | 📉 Tight Base,3054.0,-3.67,3151.88,3030.26,2864.92,✓,Buy,89.38,45.36,53.4042,66.4765,-13.0723,,13.86,478378,332552,1.44,58502.0,91.64039,39.79329,,27.724,20.7,-14.2,7.537829,16.0,,https://www.screener.in/company/TIINDIA/,https://www.tradingview.com/chart/?symbol=NSE:TIINDIA
2026-06-29,IDEAFORGE,ideaForge Technology Limited,Technology,Computer Hardware,35.7,22.4,13.3,D,✅ Supertrend Buy | 📈 EMA Bull Stack,824.75,0.89,864.76,776.74,589.51,✓,Buy,83.12,46.63,22.1954,40.5414,-18.3461,,34.02,318768,359696,0.89,3519.0,,29.066309,-2.82,13.974,594.4,,5.919473,0.0,2.622,https://www.screener.in/company/IDEAFORGE/,https://www.tradingview.com/chart/?symbol=NSE:IDEAFORGE
2026-06-29,HINDCOPPER,Hindustan Copper Limited,Basic Materials,Copper,34.9,8.4,26.5,D,📉 Tight Base | 💎 High ROE,491.4,-2.16,516.99,529.43,468.93,✗,Sell,64.76,34.54,-12.3022,-10.8742,-1.428,,25.5,3632389,3763094,0.97,47984.0,52.341778,24.564356,30.6,3.319,58.1,136.6,14.370113,50.0,1.679,https://www.screener.in/company/HINDCOPPER/,https://www.tradingview.com/chart/?symbol=NSE:HINDCOPPER
2026-06-29,HINDALCO,Hindalco Industries Limited,Basic Materials,Aluminum,34.0,13.2,20.8,D,📉 Tight Base,953.2,-2.4,1026.59,1033.0,925.14,✗,Sell,81.05,30.56,-26.2904,-15.7237,-10.5667,,28.11,12155741,7186848,1.69,215520.0,15.999335,8.941359,10.29,72.598,20.4,-50.9,1.5663038,52.0,1.21,https://www.screener.in/company/HINDALCO/,https://www.tradingview.com/chart/?symbol=NSE:HINDALCO
2026-06-29,CIPLA,Cipla Limited,Healthcare,Drug Manufacturers - Specialty & Generic,33.1,23.8,9.3,D,✅ Supertrend Buy | 📉 Tight Base,1440.1,0.15,1391.0,1362.57,1385.75,✗,Buy,86.89,66.36,16.6827,12.0493,4.6334,,21.3,1217683,1978450,0.62,117469.0,30.319016,22.92238,11.74,1.778,-2.1,-54.6,3.4113543,90.0,3.443,https://www.screener.in/company/CIPLA/,https://www.tradingview.com/chart/?symbol=NSE:CIPLA
2026-06-29,GLENMARK,Glenmark Pharmaceuticals Limited,Healthcare,Drug Manufacturers - Specialty & Generic,32.0,13.2,18.8,D,🎯 VCP Pattern | 📉 Tight Base,2154.4,-1.2,2196.16,2220.83,2074.07,✗,Sell,87.08,42.03,-28.8153,-32.4297,3.6144,,26.28,348933,705246,0.49,61706.0,45.308746,22.32121,14.07,5.646,14.3,6575.0,5.8704615,23.0,1.772,https://www.screener.in/company/GLENMARK/,https://www.tradingview.com/chart/?symbol=NSE:GLENMARK
2026-06-29,COALINDIA,Coal India Limited,Energy,Thermal Coal,31.5,3.6,27.9,D,📉 Tight Base | 💎 High ROE,435.4,-1.44,452.08,454.09,425.65,✗,Sell,88.63,34.38,-5.1968,-3.1246,-2.0722,,15.03,7046971,15649500,0.45,274149.0,8.815894,7.742727,28.12,11.629,16.2,12.9,2.3015833,505.0,1.856,https://www.screener.in/company/COALINDIA/,https://www.tradingview.com/chart/?symbol=NSE:COALINDIA
2026-06-29,BIOCON,Biocon Limited,Healthcare,Biotechnology,31.1,24.8,6.3,D,✅ Supertrend Buy | 📈 EMA Bull Stack | 🏆 Near 52W High | 📉 Tight Base,416.15,-1.07,416.6,406.07,383.33,✓,Buy,94.49,51.87,3.0165,4.021,-1.0045,,21.69,2347786,3235646,0.73,67250.0,146.73145,35.26806,1.15,42.145,2.3,-72.5,1.9445733,12.0,1.221,https://www.screener.in/company/BIOCON/,https://www.tradingview.com/chart/?symbol=NSE:BIOCON
2026-06-29,FORTIS,Fortis Healthcare Limited,Healthcare,Medical Care Facilities,30.200000000000003,16.8,13.4,D,✅ Supertrend Buy | 📈 EMA Bull Stack | 📉 Tight Base,954.8,-2.11,965.35,947.55,902.77,✓,Buy,86.46,47.1,5.0843,7.588,-2.5037,,14.68,1053914,1545136,0.68,71751.0,68.670525,40.64806,11.01,34.15,17.8,44.3,7.250866,10.0,0.86,https://www.screener.in/company/FORTIS/,https://www.tradingview.com/chart/?symbol=NSE:FORTIS
2026-06-29,VBL,Varun Beverages Limited,Consumer Defensive,Beverages - Non-Alcoholic,30.200000000000003,14.4,15.8,D,📈 EMA Bull Stack | 🏆 Near 52W High | 📉 Tight Base,507.65,0.19,521.12,508.14,482.98,✓,Sell,91.34,42.68,0.1328,4.7721,-4.6393,,18.09,4139647,5974035,0.69,170502.0,53.68477,41.68479,,12.705,18.1,20.0,8.707745,39.0,,https://www.screener.in/company/VBL/,https://www.tradingview.com/chart/?symbol=NSE:VBL
2026-06-29,CROMPTON,Crompton Greaves Consumer Electricals Limited,Consumer Cyclical,"Furnishings, Fixtures & Appliances",30.0,21.4,8.6,D,🎯 VCP Pattern | 📉 Tight Base,275.3,0.02,272.3,270.65,274.76,✗,Sell,76.73,53.01,-0.2769,-1.5684,1.2915,,18.94,3048811,2776105,1.1,17876.0,,23.637047,-6.34,5.797,10.8,,5.9384227,109.0,1.426,https://www.screener.in/company/CROMPTON/,https://www.tradingview.com/chart/?symbol=NSE:CROMPTON
2026-06-29,ABB,ABB India Limited,Industrials,Specialty Industrial Machinery,30.0,16.8,13.2,D,✅ Supertrend Buy | 📈 EMA Bull Stack | 📉 Tight Base,6993.0,0.37,7025.06,6866.6,6145.64,✓,Buy,89.76,49.93,59.4494,65.0301,-5.5807,,15.11,231515,328009,0.71,151048.0,97.072044,69.618645,,1.082,0.8,276.0,19.276222,56.0,,https://www.screener.in/company/ABB/,https://www.tradingview.com/chart/?symbol=NSE:ABB
2026-06-29,AMBER,Amber Enterprises India Limited,Consumer Cyclical,"Furnishings, Fixtures & Appliances",29.3,21.6,7.7,D,📈 EMA Bull Stack | 📉 Tight Base,7659.0,-2.35,7733.11,7657.55,7319.55,✓,Sell,85.35,48.19,33.221,17.9413,15.2797,,9.75,260704,439573,0.59,26144.0,146.64688,38.014877,5.58,46.566,10.5,11.0,5.9672728,0.0,1.131,https://www.screener.in/company/AMBER/,https://www.tradingview.com/chart/?symbol=NSE:AMBER
2026-06-29,TATASTEEL,Tata Steel Limited,Basic Materials,Steel,24.8,6.0,18.8,D,📉 Tight Base,188.71,-0.76,198.23,200.64,187.56,✗,Sell,85.83,31.65,-3.3736,-2.4797,-0.8939,,19.85,34151735,32170250,1.06,236429.0,21.940971,10.083511,11.16,89.017,12.5,125.2,2.3162923,212.0,0.748,https://www.screener.in/company/TATASTEEL/,https://www.tradingview.com/chart/?symbol=NSE:TATASTEEL
2026-06-29,CESC,CESC Limited,Utilities,Utilities - Regulated Electric,23.8,3.6,20.2,D,📉 Tight Base,168.03,-0.81,172.74,173.51,167.48,✗,Sell,82.17,40.97,-2.4137,-2.1772,-0.2365,,16.99,1060021,1482379,0.72,21803.0,14.142734,11.4709015,12.55,164.311,5.6,17.8,1.741008,357.0,0.921,https://www.screener.in/company/CESC/,https://www.tradingview.com/chart/?symbol=NSE:CESC
2026-06-29,GOKEX,Gokaldas Exports Limited,Consumer Cyclical,Apparel Manufacturing,23.299999999999997,18.2,5.1,D,✅ Supertrend Buy | 📉 Tight Base,854.75,-0.54,756.65,720.01,744.02,✗,Buy,87.67,76.64,39.3387,21.7191,17.6197,,28.61,857776,1029619,0.83,6227.0,64.96942,20.669212,4.72,58.934,5.3,-34.6,2.8809905,0.0,1.499,https://www.screener.in/company/GOKEX/,https://www.tradingview.com/chart/?symbol=NSE:GOKEX
2026-06-29,SAIL,Steel Authority of India Limited,Basic Materials,Steel,23.299999999999997,11.6,11.7,D,📉 Tight Base,170.79,-0.37,182.11,182.28,160.03,✗,Sell,81.44,33.64,-5.0688,-2.9167,-2.1521,,30.59,11464399,17965165,0.64,72379.0,21.474264,11.015558,5.66,52.899,5.1,46.5,1.2465409,94.0,0.823,https://www.screener.in/company/SAIL/,https://www.tradingview.com/chart/?symbol=NSE:SAIL
